TDSFU Daily run: Thu Oct 23 15:59:09 UTC 2025 TDSFU
TDSFU Daily run: Fri Oct 24 04:34:15 UTC 2025 TDSFU
TDSFU Daily run: Sat Oct 25 04:33:32 UTC 2025 TDSFU
TDSFU Daily run: Sun Oct 26 04:33:46 UTC 2025 TDSFU
TDSFU Daily run: Mon Oct 27 04:42:58 UTC 2025 TDSFU
TDSFU Daily run: Tue Oct 28 04:35:22 UTC 2025 TDSFU
TDSFU Daily run: Wed Oct 29 04:41:01 UTC 2025 TDSFU
TDSFU Daily run: Thu Oct 30 04:34:47 UTC 2025 TDSFU
TDSFU Daily run: Fri Oct 31 04:37:08 UTC 2025 TDSFU
TDSFU Daily run: Sat Nov  1 04:33:04 UTC 2025 TDSFU
TDSFU Daily run: Sun Nov  2 04:35:49 UTC 2025 TDSFU
TDSFU Daily run: Mon Nov  3 04:41:49 UTC 2025 TDSFU
TDSFU Daily run: Tue Nov  4 04:35:25 UTC 2025 TDSFU
TDSFU Daily run: Wed Nov  5 04:35:52 UTC 2025 TDSFU
TDSFU Daily run: Thu Nov  6 04:41:28 UTC 2025 TDSFU
TDSFU Daily run: Fri Nov  7 04:35:17 UTC 2025 TDSFU
